{
  "conditions": {
    "no_drug": {
      "mean": 0.6453267219407287,
      "std": 0.024578411001304354,
      "folds": [
        0.600587378034395,
        0.6131271240608629,
        0.6512095031877938,
        0.637055757105441,
        0.6608860323540658,
        0.648782545448061,
        0.6244663965397622,
        0.6700027121958593,
        0.6719114678234083,
        0.675238302657638
      ],
      "weighted_mean": 0.6437089701498377,
      "n_drugs": 233
    },
    "morgan_fp_shuffled": {
      "mean": 0.6462400924330091,
      "std": 0.024456413990148224,
      "folds": [
        0.6012718044764954,
        0.613310192489777,
        0.654428383262148,
        0.6392682210796962,
        0.6625188202643035,
        0.64815728158628,
        0.626035581406353,
        0.669453926658505,
        0.6724981586688298,
        0.6754585544377016
      ],
      "weighted_mean": 0.64479648797122,
      "n_drugs": 233,
      "delta": 0.000919
    },
    "random_continuous": {
      "mean": 0.6462377035843038,
      "std": 0.024463352442467657,
      "folds": [
        0.6012717792540223,
        0.6133466864069558,
        0.654372293124859,
        0.6392302102803654,
        0.6625141745350652,
        0.6481368912596168,
        0.6259961815139811,
        0.66951347992121,
        0.6725342132291959,
        0.675461126317766
      ],
      "weighted_mean": 0.6447927742596836,
      "n_drugs": 233,
      "delta": 0.000917
    },
    "morgan_fp": {
      "mean": 0.6462341488639259,
      "std": 0.024456626865923703,
      "folds": [
        0.6012785460514943,
        0.6133544815129689,
        0.6543711549176162,
        0.6392251216792753,
        0.6625143834511967,
        0.648121989489889,
        0.626002937735482,
        0.6694965785052287,
        0.6725341043794544,
        0.675442190916654
      ],
      "weighted_mean": 0.6447882884246191,
      "n_drugs": 233,
      "delta": 0.000913,
      "holm_p": 0.0048994671729316736,
      "raw_p": 0.001060169349966249,
      "ci_95": [
        0.0003852137474894025,
        0.0014517018329124583
      ]
    },
    "chemberta": {
      "mean": 0.6461770818922024,
      "std": 0.024405107846770836,
      "folds": [
        0.6012923102308523,
        0.6132549722704463,
        0.6545913577686643,
        0.6392608164869708,
        0.662281723292809,
        0.648253191433268,
        0.6259678468803564,
        0.6689571010472278,
        0.6724343752247017,
        0.6754771242867278
      ],
      "weighted_mean": 0.6447175497414952,
      "n_drugs": 233,
      "delta": 0.000857,
      "holm_p": 0.00937556337878562,
      "raw_p": 0.003944910916505357
    },
    "chembl_targets": {
      "mean": 0.6460296024457272,
      "std": 0.02439454732633445,
      "folds": [
        0.6014567211715555,
        0.6131417471511674,
        0.6544675866238461,
        0.638684309963098,
        0.6618045461873949,
        0.648406423790619,
        0.6256149717504826,
        0.6685934743043834,
        0.6724362038833042,
        0.6756900396314197
      ],
      "weighted_mean": 0.6445311848526691,
      "n_drugs": 233,
      "delta": 0.000712,
      "holm_p": 0.009437437720375747,
      "raw_p": 0.009437437720375747
    },
    "lincs": {
      "mean": 0.6652451796527046,
      "std": 0.037837540963965445,
      "folds": [
        0.6127554810985033,
        0.6034781221984271,
        0.636117957397242,
        0.630562339932838,
        0.6923274967612519,
        0.6969222404594465,
        0.6893994656548004,
        0.6880938586214167,
        0.7123247789597252,
        0.6904700554433949
      ],
      "weighted_mean": 0.6597710270792414,
      "n_drugs": 104,
      "delta": 0.000526,
      "holm_p": 0.00937556337878562,
      "raw_p": 0.00312518779292854
    },
    "all_concat": {
      "mean": 0.6462381080960525,
      "std": 0.024463215531268217,
      "folds": [
        0.6012732363410941,
        0.6133462534201494,
        0.6543717603957733,
        0.6392316072273235,
        0.6625144270312947,
        0.648137810112176,
        0.6259961761221264,
        0.6695135280321791,
        0.6725351454128975,
        0.6754611368655105
      ],
      "weighted_mean": 0.6447930097947591,
      "n_drugs": 233,
      "delta": 0.000917,
      "holm_p": 0.0048994671729316736,
      "raw_p": 0.0009798934345863347
    }
  },
  "per_drug_delta": {
    "5-Fluorouracil": 0.00727743549811255,
    "5-azacytidine": -0.0007867361396947103,
    "A-366": -0.00572873330071344,
    "ABT737": 0.002160996173029839,
    "AGI-5198": -1.4133023421902813e-05,
    "AGI-6780": 0.0072339998538640815,
    "AGK2": -0.0025233321601545455,
    "AMG-319": -0.002207343120546268,
    "AT13148": -6.802763733715356e-05,
    "AZ6102": 0.0059201401896075145,
    "AZ960": -0.0008572637763499813,
    "AZD1208": 0.00184244898655761,
    "AZD1332": 0.0009400989939003512,
    "AZD2014": 0.0017942621986972718,
    "AZD3759": -0.0002579859345939739,
    "AZD4547": 0.007695169055719431,
    "AZD5153": -0.004285125428857728,
    "AZD5363": -0.0010381326205280983,
    "AZD5438": -0.00033228544329799714,
    "AZD5582": -0.0021903140716971747,
    "AZD5991": -0.0012429010343932845,
    "AZD6482": -0.005456187774642185,
    "AZD6738": 0.00014904967433637673,
    "AZD7762": -0.0021453739904573332,
    "AZD8055": -0.0020979845925032103,
    "AZD8186": 0.0005023156582759092,
    "Acetalax": 0.0008233890058170767,
    "Afatinib": 0.0023057244028523716,
    "Afuresertib": -0.002230509611606424,
    "Alisertib": 0.0034424522732190432,
    "Alpelisib": -0.0038287410693320645,
    "Avagacestat": 0.0015640359634596646,
    "Axitinib": 0.0031601132241357854,
    "BI-2536": 0.003880353422803795,
    "BIBR-1532": 0.008270172827683386,
    "BMS-345541": -0.0023806449557748355,
    "BMS-536924": 0.003877059759871515,
    "BMS-754807": 0.008343083395461859,
    "BX795": 0.0030949345406071638,
    "Bicalutamide": -0.0018830450930803488,
    "Bleomycin": 0.0021164373891933153,
    "Bleomycin (50 uM)": 0.004505360612147791,
    "Bortezomib": 0.0013204778475599532,
    "Bosutinib": 0.006688645680933747,
    "Bromosporine": -0.005802205961492168,
    "Buparlisib": 0.008864012864181259,
    "CCT-018159": 0.0033603094916656584,
    "CCT007093": -0.0020090687418944375,
    "CHIR-99021": -0.004795271614309038,
    "CPI-637": -0.007384639816209737,
    "CZC24832": 0.0015656217364959923,
    "Camptothecin": 0.004446322565698435,
    "Carmustine": -0.00046807216612765323,
    "Cediranib": 0.002161067619162127,
    "Cisplatin": 0.004169193743318256,
    "Crizotinib": 0.0026893799168086208,
    "Cyclophosphamide": 0.003956122509779281,
    "Cytarabine": 0.005486552577827486,
    "Dabrafenib": 0.004225047269454885,
    "Dacarbazine": -0.0011290363084626165,
    "Dactinomycin": -0.0012868020007634762,
    "Dactolisib": -0.001011518864972416,
    "Daporinad": -0.003035110525094642,
    "Dasatinib": 0.0030219960858599015,
    "Dihydrorotenone": -0.0005072174495832082,
    "Dinaciclib": -0.0016042633901963699,
    "Docetaxel": -0.004356359914278962,
    "Doramapimod": -0.0017828404725194202,
    "EHT-1864": -0.0006218962120771998,
    "EPZ004777": -0.0024765854280679456,
    "EPZ5676": 0.005157103998378321,
    "Elephantin": -0.003405510627029651,
    "Elesclomol": -0.0015892612884702562,
    "Entinostat": -0.0036609311773818654,
    "Entospletinib": -2.8193187146530185e-05,
    "Epirubicin": 0.004702543562946082,
    "Erlotinib": 0.010007222311139319,
    "Fludarabine": 0.0028719706776418885,
    "Foretinib": 0.003912315637264241,
    "Fulvestrant": -0.006784900344238509,
    "GDC0810": 0.004169951669635408,
    "GNE-317": -0.0016178575669456574,
    "GSK-LSD1": 0.0004410990484400301,
    "GSK1904529A": 0.0007839595769697505,
    "GSK2110183B": -0.0005214083736797548,
    "GSK2578215A": -0.005341835791212501,
    "GSK2606414": 0.006951333696126216,
    "GSK269962A": -0.003961533086935143,
    "GSK2801": -0.00024115198106566815,
    "GSK2830371": 0.006363972273707663,