{
  "setup": {
    "k_folds": 10,
    "fold_std": 0.023,
    "n_conditions_holm": 9,
    "n_drugs_per_drug_test": 233,
    "holm_alpha_1": 0.005555555555555556,
    "gate": 0.01
  },
  "fold_level": {
    "power_curve": {
      "0.003": 0.0108,
      "0.005": 0.017,
      "0.008": 0.0334,
      "0.01": 0.0519,
      "0.015": 0.1455,
      "0.02": 0.3371,
      "0.03": 0.8143
    },
    "mde_80pct": 0.02958,
    "mde_90pct": 0.03322
  },
  "per_drug_level": {
    "power_curve": {
      "0.003": 0.0126,
      "0.005": 0.0207,
      "0.008": 0.0411,
      "0.01": 0.0622,
      "0.015": 0.1513,
      "0.02": 0.3002
    },
    "mde_80pct": 0.03344,
    "mde_90pct": 0.03779
  },
  "monte_carlo": {
    "power_curve": {
      "0.003": 0.0082,
      "0.005": 0.0138,
      "0.008": 0.0299,
      "0.01": 0.0486,
      "0.015": 0.1342,
      "0.02": 0.285
    },
    "gate_power": 0.0486,
    "n_sim": 50000
  }
}