{
  "conditions": {
    "no_drug": {
      "mean": 0.6453267219407287,
      "std": 0.024578411001304354,
      "folds": [
        0.600587378034395,
        0.6131271240608629,
        0.6512095031877938,
        0.637055757105441,
        0.6608860323540658,
        0.648782545448061,
        0.6244663965397622,
        0.6700027121958593,
        0.6719114678234083,
        0.675238302657638
      ],
      "weighted_mean": 0.6437089701498377,
      "n_drugs": 233
    },
    "morgan_fp_shuffled": {
      "mean": 0.6462400924330091,
      "std": 0.024456413990148224,
      "folds": [
        0.6012718044764954,
        0.613310192489777,
        0.654428383262148,
        0.6392682210796962,
        0.6625188202643035,
        0.64815728158628,
        0.626035581406353,
        0.669453926658505,
        0.6724981586688298,
        0.6754585544377016
      ],
      "weighted_mean": 0.64479648797122,
      "n_drugs": 233
    },
    "random_continuous": {
      "mean": 0.6462377035843038,
      "std": 0.024463352442467657,
      "folds": [
        0.6012717792540223,
        0.6133466864069558,
        0.654372293124859,
        0.6392302102803654,
        0.6625141745350652,
        0.6481368912596168,
        0.6259961815139811,
        0.66951347992121,
        0.6725342132291959,
        0.675461126317766
      ],
      "weighted_mean": 0.6447927742596836,
      "n_drugs": 233
    },
    "morgan_fp": {
      "mean": 0.6462341488639259,
      "std": 0.024456626865923703,
      "folds": [
        0.6012785460514943,
        0.6133544815129689,
        0.6543711549176162,
        0.6392251216792753,
        0.6625143834511967,
        0.648121989489889,
        0.626002937735482,
        0.6694965785052287,
        0.6725341043794544,
        0.675442190916654
      ],
      "weighted_mean": 0.6447882884246191,
      "n_drugs": 233
    },
    "chemberta": {
      "mean": 0.6461770818922024,
      "std": 0.024405107846770836,
      "folds": [
        0.6012923102308523,
        0.6132549722704463,
        0.6545913577686643,
        0.6392608164869708,
        0.662281723292809,
        0.648253191433268,
        0.6259678468803564,
        0.6689571010472278,
        0.6724343752247017,
        0.6754771242867278
      ],
      "weighted_mean": 0.6447175497414952,
      "n_drugs": 233
    },
    "chembl_targets": {
      "mean": 0.6460296024457272,
      "std": 0.02439454732633445,
      "folds": [
        0.6014567211715555,
        0.6131417471511674,
        0.6544675866238461,
        0.638684309963098,
        0.6618045461873949,
        0.648406423790619,
        0.6256149717504826,
        0.6685934743043834,
        0.6724362038833042,
        0.6756900396314197
      ],
      "weighted_mean": 0.6445311848526691,
      "n_drugs": 233
    },
    "lincs": {
      "mean": 0.6652451796527046,
      "std": 0.037837540963965445,
      "folds": [
        0.6127554810985033,
        0.6034781221984271,
        0.636117957397242,
        0.630562339932838,
        0.6923274967612519,
        0.6969222404594465,
        0.6893994656548004,
        0.6880938586214167,
        0.7123247789597252,
        0.6904700554433949
      ],
      "weighted_mean": 0.6597710270792414,
      "n_drugs": 104
    },
    "all_concat": {
      "mean": 0.6462381080960525,
      "std": 0.024463215531268217,
      "folds": [
        0.6012732363410941,
        0.6133462534201494,
        0.6543717603957733,
        0.6392316072273235,
        0.6625144270312947,
        0.648137810112176,
        0.6259961761221264,
        0.6695135280321791,
        0.6725351454128975,
        0.6754611368655105
      ],
      "weighted_mean": 0.6447930097947591,
      "n_drugs": 233
    }
  }
}