{
  "standard": {
    "global_r_mean": 0.50854,
    "global_r_std": 0.05135930684890519,
    "per_drug_r_mean": 0.64978,
    "per_drug_r_std": 0.017424052341519166,
    "gap": -0.14124000000000003,
    "global_rs": [
      0.4992,
      0.5445,
      0.4459,
      0.5867,
      0.4664
    ],
    "per_drug_rs": [
      0.6326,
      0.6397,
      0.6815,
      0.6403,
      0.6548
    ]
  },
  "per_drug_zscore": {
    "global_r_mean": 0.36254,
    "global_r_std": 0.04722658573303813,
    "per_drug_r_mean": 0.6164400000000001,
    "per_drug_r_std": 0.025292338760976595,
    "gap": -0.2539000000000001,
    "global_rs": [
      0.3972,
      0.4314,
      0.3595,
      0.3036,
      0.321
    ],
    "per_drug_rs": [
      0.5957,
      0.5895,
      0.6616,
      0.6177,
      0.6177
    ]
  }
}