{
  "fold": 5,
  "results": {
    "morgan_fp": [
      {
        "fold": 5,
        "condition": "morgan_fp",
        "best_epoch": 77,
        "best_val_r": 0.6881791686398993,
        "test_per_drug_r": 0.6373417761597423,
        "n_train": 115845,
        "n_val": 12140,
        "n_test": 13019
      }
    ],
    "no_drug": [
      {
        "fold": 5,
        "condition": "no_drug",
        "best_epoch": 166,
        "best_val_r": 0.6092069481272169,
        "test_per_drug_r": 0.6486277867141584,
        "n_train": 115845,
        "n_val": 12140,
        "n_test": 13019
      }
    ]
  }
}