{
  "fold": 9,
  "results": {
    "fold": 9,
    "best_epoch": 20,
    "best_val_r": 0.6015884397983016,
    "test_per_drug_r": 0.6556197408428271,
    "n_train": 114050,
    "n_val": 12742,
    "n_test": 14212
  }
}