{
  "fold": 4,
  "results": {
    "lincs_pca64": [
      {
        "fold": 4,
        "condition": "lincs_pca64",
        "best_epoch": 69,
        "best_val_r": 0.6277056994974994,
        "test_per_drug_r": 0.644861204581303,
        "n_train": 116002,
        "n_val": 11975,
        "n_test": 3896
      }
    ],
    "drug_target": [
      {
        "fold": 4,
        "condition": "drug_target",
        "best_epoch": 17,
        "best_val_r": 0.6303990670622314,
        "test_per_drug_r": 0.6452467003718536,
        "n_train": 116002,
        "n_val": 11975,
        "n_test": 13027
      }
    ],
    "moa_onehot": [
      {
        "fold": 4,
        "condition": "moa_onehot",
        "best_epoch": 142,
        "best_val_r": 0.6537782990631655,
        "test_per_drug_r": 0.666510996468663,
        "n_train": 116002,
        "n_val": 11975,
        "n_test": 13027
      }
    ]
  }
}