{
  "fold": 2,
  "results": {
    "morgan_fp": [
      {
        "fold": 2,
        "condition": "morgan_fp",
        "best_epoch": 32,
        "best_val_r": 0.6314873522996964,
        "test_per_drug_r": 0.6761233094549839,
        "n_train": 114527,
        "n_val": 11388,
        "n_test": 15089
      }
    ],
    "no_drug": [
      {
        "fold": 2,
        "condition": "no_drug",
        "best_epoch": 168,
        "best_val_r": 0.628394538735564,
        "test_per_drug_r": 0.6497118864008876,
        "n_train": 114527,
        "n_val": 11388,
        "n_test": 15089
      }
    ]
  }
}