{
  "fold": 5,
  "results": {
    "lincs_pca64": [
      {
        "fold": 5,
        "condition": "lincs_pca64",
        "best_epoch": 15,
        "best_val_r": 0.6159809283981492,
        "test_per_drug_r": 0.6602711658537612,
        "n_train": 115845,
        "n_val": 12140,
        "n_test": 5017
      }
    ],
    "drug_target": [
      {
        "fold": 5,
        "condition": "drug_target",
        "best_epoch": 122,
        "best_val_r": 0.6054861805018841,
        "test_per_drug_r": 0.6067544787230513,
        "n_train": 115845,
        "n_val": 12140,
        "n_test": 13019
      }
    ],
    "moa_onehot": [
      {
        "fold": 5,
        "condition": "moa_onehot",
        "best_epoch": 192,
        "best_val_r": 0.6688287928857354,
        "test_per_drug_r": 0.6475387199848689,
        "n_train": 115845,
        "n_val": 12140,
        "n_test": 13019
      }
    ]
  }
}