{
  "fold": 5,
  "results": {
    "moa_permuted": [
      {
        "fold": 5,
        "condition": "moa_permuted",
        "best_epoch": 124,
        "best_val_r": 0.6072866611306944,
        "test_per_drug_r": 0.6410475631899004,
        "n_train": 115845,
        "n_val": 12140,
        "n_test": 13019
      }
    ]
  }
}