{
  "lincs_pca64": {
    "mean": 0.6400874293539622,
    "std": 0.03050176373846773,
    "n_folds": 10,
    "folds": [
      0.6281404754105534,
      0.6385635847041545,
      0.6353048874884276,
      0.6089167854165805,
      0.644861204581303,
      0.6602711658537612,
      0.5890683545717186,
      0.7072236896772532,
      0.6614200369834051,
      0.6271041088524643
    ],
    "delta_vs_no_drug": -0.004680649759804312
  },
  "drug_target": {
    "mean": 0.6259250884633556,
    "std": 0.025871553663799153,
    "n_folds": 10,
    "folds": [
      0.5875108000038299,
      0.59094273754195,
      0.6430290053576792,
      0.6086399750421243,
      0.6452467003718536,
      0.6067544787230513,
      0.6135077106157035,
      0.6582555539831045,
      0.6565860356416577,
      0.648777887352601
    ],
    "delta_vs_no_drug": -0.01884299065041095
  },
  "moa_onehot": {
    "mean": 0.6601387695308978,
    "std": 0.026833005783110764,
    "n_folds": 10,
    "folds": [
      0.6321019387871112,
      0.6636623434739516,
      0.6685993324864862,
      0.6551000958647238,
      0.666510996468663,
      0.6475387199848689,
      0.6210689070546263,
      0.7194174162003591,
      0.6864930472388237,
      0.6408948977493636
    ],
    "delta_vs_no_drug": 0.015370690417131239
  },
  "moa_permuted": {
    "mean": 0.6323504766668699,
    "std": 0.03228837809688013,
    "n_folds": 10,
    "folds": [
      0.5959319928600556,
      0.5612258997483394,
      0.6433342109742474,
      0.619203608617741,
      0.6550297110510992,
      0.6410475631899004,
      0.6172077299506797,
      0.6618152634120886,
      0.6620161420709028,
      0.6666926447936442
    ],
    "delta_vs_no_drug": -0.012417602446896603
  }
}