{
  "no_drug": {
    "mean": 0.6403655282505227,
    "std": 0.010691143052386078,
    "folds": [
      0.6484238839344652,
      0.6477595503527641,
      0.6198941863730814,
      0.6396951359969216,
      0.6460548845953812
    ]
  },
  "morgan_fp": {
    "mean": 0.6409372811896643,
    "std": 0.010561575746158885,
    "folds": [
      0.6483227030890207,
      0.6478070613212175,
      0.6206274524303926,
      0.640416519097979,
      0.6475126700097119
    ],
    "delta": 0.0005717529391415788
  },
  "n_scaffolds": 219,
  "fold_sizes": [
    47,
    46,
    46,
    46,
    46
  ],
  "scaffold_leak_assertion": "passed"
}