{
  "no_drug": {
    "mean": 0.11236937181290471,
    "std": 0.005186940980982277,
    "folds": [
      0.11985184660365295,
      0.11078757051161901,
      0.11194303313705495,
      0.11514883036123355,
      0.1041155784509631
    ]
  },
  "morgan_fp": {
    "mean": 0.12882596645041955,
    "std": 0.009047430977200831,
    "folds": [
      0.1458944573909234,
      0.12124737837377826,
      0.12998665505580412,
      0.12460676945766389,
      0.122394571973928
    ],
    "delta": 0.016456594637514838
  },
  "n_drugs": 1079,
  "n_cells": 477,
  "dataset": "prism_repurposing"
}