{
  "morgan_fp": {
    "mean": 0.1804693812893648,
    "std": 0.010459185133194623,
    "folds": [
      0.19646637007319137,
      0.16948219469284073,
      0.17570434435314514,
      0.17175586029984974,
      0.18893813702779702
    ]
  },
  "no_drug": {
    "mean": 0.15982174998233717,
    "std": 0.008654866509266064,
    "folds": [
      0.17130865937968612,
      0.1554338058701588,
      0.15068782421174165,
      0.16914077521258666,
      0.15253768523751257
    ]
  },
  "delta_morgan_vs_no_drug": 0.020647631307027625
}